"Freq [GHz]","im(S(2,1)-1-S(1,1)) []"
8,-0.163434273999879
8.44444444444444,-0.241545423043028
8.88888888888889,-0.386841101280658
9.33333333333333,-0.428679638688486
9.77777777777778,0.482728347646736
10.2222222222222,0.348118049205603
10.6666666666667,0.23604021117484
11.1111111111111,0.172594080707206
11.5555555555556,0.132222145848198
12,0.103711065001267
