"Freq [GHz]","im(S(2,1)-1+S(1,1)) []"
8,-0.0308042362967336
8.44444444444444,-0.00317284474922953
8.88888888888889,-0.0110144491159989
9.33333333333333,-0.0144008294058398
9.77777777777778,0.000629882191675368
10.2222222222222,0.00163488292391378
10.6666666666667,0.00107748228350901
11.1111111111111,0.000642520133499802
11.5555555555556,0.00017766704853435
12,-0.000447316989093158
