"Freq [GHz]","RadiatedPower []"
8,0.0125074638256108
8.44444444444444,0.0242548095513181
8.88888888888889,0.0751682567291461
9.33333333333333,0.333404013311742
9.77777777777778,0.248519846495209
10.2222222222222,0.0741987636360876
10.6666666666667,0.0331102005535669
11.1111111111111,0.0182740733634991
11.5555555555556,0.0111767859786441
12,0.00716974252986189
