"Freq [GHz]","RadiationEfficiency []"
8,0.564004351028135
8.44444444444444,0.710552020604079
8.88888888888889,0.837513789097508
9.33333333333333,0.87760446321959
9.77777777777778,0.871595258123142
10.2222222222222,0.832862615292274
10.6666666666667,0.772192006089195
11.1111111111111,0.696362640919466
11.5555555555556,0.609436391791508
12,0.514651375959664
