"Freq [GHz]","re(S(2,1)-1-S(1,1)) []"
8,-0.0532040245636078
8.44444444444444,-0.072088875399972
8.88888888888889,-0.191982932217356
9.33333333333333,-0.769064446272686
9.77777777777778,-0.551097383707479
10.2222222222222,-0.164398547481249
10.6666666666667,-0.0745163490435785
11.1111111111111,-0.0417042839095395
11.5555555555556,-0.0253143106352515
12,-0.0152772691691521
