"Freq [GHz]","re(S(2,1)-1+S(1,1)) []"
8,0.021207966252915
8.44444444444444,0.0113614922025047
8.88888888888889,0.0136125998394913
9.33333333333333,0.00466752884028482
9.77777777777778,0.00114638775615805
10.2222222222222,0.00565845900610851
10.6666666666667,0.00566223552455742
11.1111111111111,0.0044325106657831
11.5555555555556,0.0026947200595878
12,0.000672786725897313
