"Freq [GHz]","dB(S(1,1)) []"
8,-22.3792432978873
8.44444444444444,-17.973383679895
8.88888888888889,-13.3838796114522
9.33333333333333,-7.15406802089699
9.77777777777778,-8.7176870266264
10.2222222222222,-14.2896126110275
10.6666666666667,-18.1222491497411
11.1111111111111,-21.0105631417618
11.5555555555556,-23.4150565536004
12,-25.5660506880782
