"Freq [GHz]","mag(S(1,1)) []"
8,0.0760392518348517
8.44444444444444,0.126278907517666
8.88888888888889,0.214193367823932
9.33333333333333,0.438830292121244
9.77777777777778,0.366535166632926
10.2222222222222,0.192983140437206
10.6666666666667,0.124133083212545
11.1111111111111,0.0890167722923865
11.5555555555556,0.0674912034674505
12,0.052686271508584
