"Freq [GHz]","ang_deg(S(1,1)) [deg]"
8,60.7054260990122
8.44444444444444,70.705678719932
8.88888888888889,61.3191870727296
9.33333333333333,28.1659035347604
9.77777777777778,-41.1203501689725
10.2222222222222,-63.857786725478
10.6666666666667,-71.1583272535708
11.1111111111111,-74.9805672882275
11.5555555555556,-78.0240353924437
12,-81.2937738760028
