"Freq [GHz]","dB(S(2,1)) []"
8,-0.0979792583917125
8.44444444444444,-0.199209958115835
8.88888888888889,-0.609023067987519
9.33333333333333,-3.65765821682502
9.77777777777778,-2.33535603464014
10.2222222222222,-0.564356000461486
10.6666666666667,-0.239310922715334
11.1111111111111,-0.129694438165835
11.5555555555556,-0.0793683192777044
12,-0.0519264382733944
