"Freq [GHz]","mag(S(2,1)) []"
8,0.988783104804448
8.44444444444444,0.977326111499046
8.88888888888889,0.932285321795661
9.33333333333333,0.656322192002
9.77777777777778,0.7642442823625
10.2222222222222,0.937091934566952
10.6666666666667,0.972824397749076
11.1111111111111,0.985179299921663
11.5555555555556,0.990904005697606
12,0.994039582057467
