"Freq [GHz]","ang_deg(S(2,1)) [deg]"
8,-5.63673633992284
8.44444444444444,-7.19218186265316
8.88888888888889,-12.3202973033587
9.33333333333333,-19.7275543525001
9.77777777777778,18.4352532952986
10.2222222222222,10.7553706386293
10.6666666666667,7.00008165748848
11.1111111111111,5.04403548280161
11.5555555555556,3.83064596133882
12,2.97736663826734
