"Freq [GHz]","TotalEfficiency []"
8,0.0125074641831574
8.44444444444444,0.0242548098559147
8.88888888888889,0.0751682571917571
9.33333333333333,0.333404014448104
9.77777777777778,0.248519847054399
10.2222222222222,0.0741987637728663
10.6666666666667,0.0331102006136209
11.1111111111111,0.0182740733996908
11.5555555555556,0.0111767860038114
12,0.00716974254835307
